5001,"5550202001"
5002,"5550202002"
5003,"5550202003"
5004,"5550202004"
5005,"5550202005"
5006,"5550202006"
5007,"5550202007"
5008,"5550202008"
5009,"5550202009"
5010,"5550202010"
5011,"5550202011"
5012,"5550202012"
5013,"5550202013"
5014,"5550202014"
5015,"5550202015"
5016,"5550202016"
5017,"5550202017"
5018,"5550209017"
5019,"5550202018"
5020,"5550202019"
5021,"5550202020"
5022,"5550202021"
5023,"5550202022"
5024,"5550202023"
5025,"5550202024"
5026,"5550209024"
5027,"5550202025"
5028,"5550202026"
5029,"5550202027"
5030,"5550202028"
5031,"5550202029"
5032,"5550202030"
5033,"5550202031"
5034,"5550209031"
5035,"5550202032"
5036,"5550202033"
5037,"5550202034"
5038,"5550202035"
5039,"5550202036"
5040,"5550202037"